ECID,dut,Speedo,Temp,Vmin,valid,Chip,Model,Pipe,Guess,Error
TSMC-U8C607-08_x7_y2,vrl-cs-bg-106,2112,105,0.66,good,GB100,QuadraticVMin,Only: valid = good,0.671513032949699,-0.011513032949698965
TSMC-U8C607-11_x4_y7,vrl-cs-bg-106,2123,105,0.65,good,GB100,QuadraticVMin,Only: valid = good,0.6708769268998287,-0.020876926899828674
TSMC-U8C607-08_x7_y2,vrl-cs-bg-106,2112,70,0.67,good,GB100,QuadraticVMin,Only: valid = good,0.6779802947586324,-0.007980294758632378
TSMC-U8C607-11_x4_y7,vrl-cs-bg-106,2123,70,0.66,good,GB100,QuadraticVMin,Only: valid = good,0.6772318335593646,-0.01723183355936453
TSMC-U8C607-08_x7_y2,vrl-cs-bg-122,2112,35,0.68,good,GB100,QuadraticVMin,Only: valid = good,0.6848732176839407,-0.004873217683940667
TSMC-U8C607-11_x4_y7,vrl-cs-bg-122,2123,35,0.67,good,GB100,QuadraticVMin,Only: valid = good,0.6837981427025808,-0.013798142702580729
TSMC-U8C607-08_x7_y2,vrl-cs-bg-122,2112,0,0.68,good,GB100,QuadraticVMin,Only: valid = good,0.6921918017256274,-0.012191801725627394
TSMC-U8C607-11_x4_y7,vrl-cs-bg-122,2123,0,0.68,good,GB100,QuadraticVMin,Only: valid = good,0.6905758543294809,-0.010575854329480827
TSMC-U8C630-25_x6_y2,vrl-cs-bg-108,2026,105,0.67,good,GB100,QuadraticVMin,Only: valid = good,0.6774599915715966,-0.0074599915715966025
TSMC-U8C630-25_x2_y4,vrl-cs-bg-108,2015,105,0.65,good,GB100,QuadraticVMin,Only: valid = good,0.6821677473835599,-0.032167747383559875
TSMC-U8C630-25_x6_y2,vrl-cs-bg-108,2026,70,0.67,good,GB100,QuadraticVMin,Only: valid = good,0.6851784583656038,-0.01517845836560372
TSMC-U8C630-25_x2_y4,vrl-cs-bg-108,2015,70,0.66,good,GB100,QuadraticVMin,Only: valid = good,0.6894971372865579,-0.029497137286557895
TSMC-U8C630-25_x6_y2,vrl-cs-bg-108,2026,35,0.69,good,GB100,QuadraticVMin,Only: valid = good,0.6929999435408765,-0.002999943540876515
TSMC-U8C630-25_x2_y4,vrl-cs-bg-108,2015,35,0.68,good,GB100,QuadraticVMin,Only: valid = good,0.6974465435712145,-0.017446543571214446
TSMC-U8C630-25_x6_y2,vrl-cs-bg-108,2026,0,0.69,good,GB100,QuadraticVMin,Only: valid = good,0.7009244470974174,-0.010924447097417467
TSMC-U8C630-25_x2_y4,vrl-cs-bg-108,2015,0,0.67,good,GB100,QuadraticVMin,Only: valid = good,0.7060159662375307,-0.03601596623753067
TSMC-U8C607-08_x3_y6,vrl-cs-bg-72,2111,105,0.67,good,GB100,QuadraticVMin,Only: valid = good,0.6708423901752738,-0.0008423901752737661
TSMC-U8C607-09_x7_y7,vrl-cs-bg-72,2104,105,0.67,good,GB100,QuadraticVMin,Only: valid = good,0.6719593670250585,-0.0019593670250585005
TSMC-U8C607-08_x3_y6,vrl-cs-bg-72,2111,70,0.67,good,GB100,QuadraticVMin,Only: valid = good,0.6778095009360872,-0.0078095009360871215
TSMC-U8C607-09_x7_y7,vrl-cs-bg-72,2104,70,0.67,good,GB100,QuadraticVMin,Only: valid = good,0.6789892794927992,-0.008989279492799152
TSMC-U8C607-08_x3_y6,vrl-cs-bg-128,2111,35,0.68,good,GB100,QuadraticVMin,Only: valid = good,0.684898689150951,-0.00489868915095093
TSMC-U8C607-09_x7_y7,vrl-cs-bg-128,2104,35,0.68,good,GB100,QuadraticVMin,Only: valid = good,0.6861492670689397,-0.006149267068939701
TSMC-U8C607-08_x3_y6,vrl-cs-bg-128,2111,0,0.68,good,GB100,QuadraticVMin,Only: valid = good,0.6921099548198653,-0.01210995481986521
TSMC-U8C607-09_x7_y7,vrl-cs-bg-128,2104,0,0.68,good,GB100,QuadraticVMin,Only: valid = good,0.693439329753482,-0.013439329753481943
TSMC-U8C609-03_x4_y4,vrl-cs-bg-102,2033,105,0.7,good,GB100,QuadraticVMin,Only: valid = good,0.6735936170323971,0.026406382967602893
TSMC-U8C609-03_x2_y5,vrl-cs-bg-102,2015,105,0.68,good,GB100,QuadraticVMin,Only: valid = good,0.6750993344088916,0.004900665591108466
TSMC-U8C609-03_x4_y4,vrl-cs-bg-102,2033,70,0.69,good,GB100,QuadraticVMin,Only: valid = good,0.6824038919257438,0.007596108074256147
TSMC-U8C609-03_x2_y5,vrl-cs-bg-102,2015,70,0.69,good,GB100,QuadraticVMin,Only: valid = good,0.6834836323808524,0.006516367619147534
TSMC-U8C609-03_x4_y4,vrl-cs-bg-137,2033,35,0.7,good,GB100,QuadraticVMin,Only: valid = good,0.6909780670421664,0.0090219329578336
TSMC-U8C609-03_x2_y5,vrl-cs-bg-137,2015,35,0.69,good,GB100,QuadraticVMin,Only: valid = good,0.6922030948644791,-0.002203094864479116
TSMC-U8C609-03_x4_y4,vrl-cs-bg-137,2033,0,0.7,good,GB100,QuadraticVMin,Only: valid = good,0.6993161423816638,0.0006838576183361145
TSMC-U8C609-03_x2_y5,vrl-cs-bg-137,2015,0,0.69,good,GB100,QuadraticVMin,Only: valid = good,0.7012577218597711,-0.011257721859771141
TSMC-U8C607-10_x4_y1,vrl-cs-bg-72,2076,70,0.72,good,GB100,QuadraticVMin,Only: valid = good,0.6766116755366207,0.04338832446337926
TSMC-U8C607-08_x1_y5,vrl-cs-bg-72,2117,70,0.66,good,GB100,QuadraticVMin,Only: valid = good,0.6772317331530378,-0.01723173315303772
TSMC-U8C607-10_x4_y1,vrl-cs-bg-128,2076,35,0.77,good,GB100,QuadraticVMin,Only: valid = good,0.6825567705747502,0.08744322942524985
TSMC-U8C607-08_x1_y5,vrl-cs-bg-128,2117,35,0.68,good,GB100,QuadraticVMin,Only: valid = good,0.684200718113674,-0.004200718113673951
TSMC-U8C607-10_x4_y1,vrl-cs-bg-128,2076,0,0.76,good,GB100,QuadraticVMin,Only: valid = good,0.6899909535163016,0.07000904648369843
TSMC-U8C607-08_x1_y5,vrl-cs-bg-128,2117,0,0.68,good,GB100,QuadraticVMin,Only: valid = good,0.6910338757716268,-0.011033875771626733
TSMC-U8C586-07_x6_y1,vrl-cs-sc-257,2029,105,0.68,good,GB100,QuadraticVMin,Only: valid = good,0.6759294787895529,0.004070521210447153
TSMC-U8C586-07_x3_y2,vrl-cs-sc-257,2034,105,0.68,good,GB100,QuadraticVMin,Only: valid = good,0.6755731718476286,0.004426828152371498
TSMC-U8C586-07_x6_y1,vrl-cs-sc-257,2029,70,0.68,good,GB100,QuadraticVMin,Only: valid = good,0.6840346545570024,-0.0040346545570023595
TSMC-U8C586-07_x3_y2,vrl-cs-sc-257,2034,70,0.69,good,GB100,QuadraticVMin,Only: valid = good,0.6834626672070145,0.006537332792985406
TSMC-U8C586-07_x6_y1,vrl-cs-sc-257,2029,35,0.69,good,GB100,QuadraticVMin,Only: valid = good,0.6919574762693483,-0.0019574762693483905
TSMC-U8C586-07_x3_y2,vrl-cs-sc-257,2034,35,0.69,good,GB100,QuadraticVMin,Only: valid = good,0.6914306424426147,-0.0014306424426147046
TSMC-U8C586-07_x6_y1,vrl-cs-sc-257,2029,0,0.7,good,GB100,QuadraticVMin,Only: valid = good,0.6996979439265871,0.00030205607341282636
TSMC-U8C586-07_x3_y2,vrl-cs-sc-257,2034,0,0.7,good,GB100,QuadraticVMin,Only: valid = good,0.699477097554428,0.00052290244557196
TSMC-U8C586-07_x4_y3,vrl-cs-bg-102,2045,105,0.68,good,GB100,QuadraticVMin,Only: valid = good,0.675541816798547,0.004458183201453081
TSMC-U8C586-07_x3_y6,vrl-cs-bg-102,2049,105,0.68,good,GB100,QuadraticVMin,Only: valid = good,0.6753725163338462,0.004627483666153842
TSMC-U8C586-07_x4_y3,vrl-cs-bg-102,2045,70,0.69,good,GB100,QuadraticVMin,Only: valid = good,0.6829081425398638,0.007091857460136186
TSMC-U8C586-07_x3_y6,vrl-cs-bg-102,2049,70,0.69,good,GB100,QuadraticVMin,Only: valid = good,0.6827028496001044,0.007297150399895536
TSMC-U8C586-07_x4_y3,vrl-cs-bg-137,2045,35,0.7,good,GB100,QuadraticVMin,Only: valid = good,0.6903516844318114,0.00964831556818857
TSMC-U8C586-07_x3_y6,vrl-cs-bg-137,2049,35,0.7,good,GB100,QuadraticVMin,Only: valid = good,0.6903723170671365,0.009627682932863424
TSMC-U8C586-07_x4_y3,vrl-cs-bg-137,2045,0,0.71,good,GB100,QuadraticVMin,Only: valid = good,0.6978724424743876,0.012127557525612342
TSMC-U8C586-07_x3_y6,vrl-cs-bg-137,2049,0,0.7,good,GB100,QuadraticVMin,Only: valid = good,0.6983809187349408,0.0016190812650591635
TSMC-U8C590-06_x4_y5,vrl-cs-sc-106,2167,105,0.67,good,GB100,QuadraticVMin,Only: valid = good,0.6584112529121366,0.011588747087863394
TSMC-U8C590-06_x3_y4,vrl-cs-sc-106,2154,105,0.67,good,GB100,QuadraticVMin,Only: valid = good,0.6619389954565085,0.008061004543491568
TSMC-U8C590-06_x4_y5,vrl-cs-sc-106,2167,70,0.66,good,GB100,QuadraticVMin,Only: valid = good,0.6655000404882134,-0.005500040488213398
TSMC-U8C590-06_x3_y4,vrl-cs-sc-106,2154,70,0.66,good,GB100,QuadraticVMin,Only: valid = good,0.6691032430874149,-0.009103243087414836
TSMC-U8C590-06_x4_y5,vrl-cs-sc-106,2167,35,0.67,good,GB100,QuadraticVMin,Only: valid = good,0.6721220791265559,-0.0021220791265558203
TSMC-U8C590-06_x3_y4,vrl-cs-sc-106,2154,35,0.67,good,GB100,QuadraticVMin,Only: valid = good,0.6758182884338595,-0.005818288433859453
TSMC-U8C590-06_x4_y5,vrl-cs-sc-106,2167,0,0.68,good,GB100,QuadraticVMin,Only: valid = good,0.6782773688271684,0.0017226311728316679
TSMC-U8C590-06_x3_y4,vrl-cs-sc-106,2154,0,0.68,good,GB100,QuadraticVMin,Only: valid = good,0.682084131495845,-0.0020841314958449653
TSMC-U8C589-23_x2_y5,vrl-cs-bg-106,2176,105,0.66,good,GB100,QuadraticVMin,Only: valid = good,0.6571153865637314,0.002884613436268668
TSMC-U8C589-25_x3_y4,vrl-cs-bg-106,2205,105,0.66,good,GB100,QuadraticVMin,Only: valid = good,0.6470325638627497,0.012967436137250377
TSMC-U8C589-23_x2_y5,vrl-cs-bg-106,2176,70,0.65,good,GB100,QuadraticVMin,Only: valid = good,0.6640832015606462,-0.01408320156064613
TSMC-U8C589-25_x3_y4,vrl-cs-bg-106,2205,70,0.65,good,GB100,QuadraticVMin,Only: valid = good,0.6533628687311408,-0.003362868731140778
TSMC-U8C589-23_x2_y5,vrl-cs-bg-122,2176,35,0.66,good,GB100,QuadraticVMin,Only: valid = good,0.6706163604327378,-0.010616360432737726
TSMC-U8C589-25_x3_y4,vrl-cs-bg-122,2205,35,0.67,good,GB100,QuadraticVMin,Only: valid = good,0.6595098328222759,0.010490167177724108
TSMC-U8C589-23_x2_y5,vrl-cs-bg-122,2176,0,0.67,good,GB100,QuadraticVMin,Only: valid = good,0.6767148631800062,-0.0067148631800061365
TSMC-U8C589-25_x3_y4,vrl-cs-bg-122,2205,0,0.67,good,GB100,QuadraticVMin,Only: valid = good,0.6654734561361586,0.004526543863841437
TSMC-U8C586-08_x8_y4,vrl-cs-sc-54,2212,105,0.64,good,GB100,QuadraticVMin,Only: valid = good,0.6481842521816024,-0.008184252181602347
TSMC-U8C586-08_x5_y5,vrl-cs-sc-54,2231,105,0.65,good,GB100,QuadraticVMin,Only: valid = good,0.6325819533275006,0.017418046672499465
TSMC-U8C586-08_x8_y4,vrl-cs-sc-54,2212,70,0.65,good,GB100,QuadraticVMin,Only: valid = good,0.6539516366628484,-0.003951636662848368
TSMC-U8C586-08_x5_y5,vrl-cs-sc-54,2231,70,0.65,good,GB100,QuadraticVMin,Only: valid = good,0.6379294681831258,0.01207053181687423
TSMC-U8C586-08_x8_y4,vrl-cs-sc-54,2212,35,0.65,good,GB100,QuadraticVMin,Only: valid = good,0.6598053325026902,-0.009805332502690223
TSMC-U8C586-08_x5_y5,vrl-cs-sc-54,2231,35,0.66,good,GB100,QuadraticVMin,Only: valid = good,0.6431765849329407,0.01682341506705931
TSMC-U8C586-08_x8_y4,vrl-cs-sc-54,2212,0,0.66,good,GB100,QuadraticVMin,Only: valid = good,0.6657453397011279,-0.005745339701127894
TSMC-U8C586-08_x5_y5,vrl-cs-sc-54,2231,0,0.67,good,GB100,QuadraticVMin,Only: valid = good,0.6483233035769436,0.021676696423056474
